identifier,name
add128_2,Add128
add16_2,Add16
add1_2,Add1
add2_2,Add2
add32_2,Add32
add3_2,Add3
add4_2,Add4
add5_2,Add5
add64_2,Add64
add6_2,Add6
add7_2,Add7
add8_2,Add8
and128_2,And128
and16_2,And16
and1_2,And1
and2_2,And2
and32_2,And32
and3_2,And3
and4_2,And4
and5_2,And5
and64_2,And64
and6_2,And6
and7_2,And7
and8_2,And8
ashr16_2,Ashr16
ashr2_2,Ashr2
ashr32_2,Ashr32
ashr3_2,Ashr3
ashr4_2,Ashr4
ashr5_2,Ashr5
ashr6_2,Ashr6
ashr7_2,Ashr7
ashr8_2,Ashr8
eq128_2,Eq128
eq16_2,Eq16
eq1_2,Eq1
eq2_2,Eq2
eq32_2,Eq32
eq3_2,Eq3
eq4_2,Eq4
eq5_2,Eq5
eq64_2,Eq64
eq6_2,Eq6
eq7_2,Eq7
eq8_2,Eq8
lshr16_2,Lshr16
lshr2_2,Lshr2
lshr32_2,Lshr32
lshr3_2,Lshr3
lshr4_2,Lshr4
lshr5_2,Lshr5
lshr6_2,Lshr6
lshr7_2,Lshr7
lshr8_2,Lshr8
mul1_2,Mul1
mul2_2,Mul2
mul3_2,Mul3
mul4_2,Mul4
mul5_2,Mul5
mul6_2,Mul6
mul7_2,Mul7
mul8_2,Mul8
mux128_3,Mux128
mux16_3,Mux16
mux1_3,Mux1
mux2_3,Mux2
mux32_3,Mux32
mux3_3,Mux3
mux4_3,Mux4
mux5_3,Mux5
mux64_3,Mux64
mux6_3,Mux6
mux7_3,Mux7
mux8_3,Mux8
neq128_2,Neq128
neq16_2,Neq16
neq1_2,Neq1
neq2_2,Neq2
neq32_2,Neq32
neq3_2,Neq3
neq4_2,Neq4
neq5_2,Neq5
neq64_2,Neq64
neq6_2,Neq6
neq7_2,Neq7
neq8_2,Neq8
not128_1,Not128
not16_1,Not16
not1_1,Not1
not2_1,Not2
not32_1,Not32
not3_1,Not3
not4_1,Not4
not5_1,Not5
not64_1,Not64
not6_1,Not6
not7_1,Not7
not8_1,Not8
or128_2,Or128
or16_2,Or16
or1_2,Or1
or2_2,Or2
or32_2,Or32
or3_2,Or3
or4_2,Or4
or5_2,Or5
or64_2,Or64
or6_2,Or6
or7_2,Or7
or8_2,Or8
shl16_2,Shl16
shl2_2,Shl2
shl32_2,Shl32
shl3_2,Shl3
shl4_2,Shl4
shl5_2,Shl5
shl6_2,Shl6
shl7_2,Shl7
shl8_2,Shl8
sub128_2,Sub128
sub16_2,Sub16
sub1_2,Sub1
sub2_2,Sub2
sub32_2,Sub32
sub3_2,Sub3
sub4_2,Sub4
sub5_2,Sub5
sub64_2,Sub64
sub6_2,Sub6
sub7_2,Sub7
sub8_2,Sub8
uge128_2,Uge128
uge16_2,Uge16
uge1_2,Uge1
uge2_2,Uge2
uge32_2,Uge32
uge3_2,Uge3
uge4_2,Uge4
uge5_2,Uge5
uge64_2,Uge64
uge6_2,Uge6
uge7_2,Uge7
uge8_2,Uge8
ugt128_2,Ugt128
ugt16_2,Ugt16
ugt1_2,Ugt1
ugt2_2,Ugt2
ugt32_2,Ugt32
ugt3_2,Ugt3
ugt4_2,Ugt4
ugt5_2,Ugt5
ugt64_2,Ugt64
ugt6_2,Ugt6
ugt7_2,Ugt7
ugt8_2,Ugt8
ule128_2,Ule128
ule16_2,Ule16
ule1_2,Ule1
ule2_2,Ule2
ule32_2,Ule32
ule3_2,Ule3
ule4_2,Ule4
ule5_2,Ule5
ule64_2,Ule64
ule6_2,Ule6
ule7_2,Ule7
ule8_2,Ule8
ult128_2,Ult128
ult16_2,Ult16
ult1_2,Ult1
ult2_2,Ult2
ult32_2,Ult32
ult3_2,Ult3
ult4_2,Ult4
ult5_2,Ult5
ult64_2,Ult64
ult6_2,Ult6
ult7_2,Ult7
ult8_2,Ult8
xor128_2,Xor128
xor16_2,Xor16
xor1_2,Xor1
xor2_2,Xor2
xor32_2,Xor32
xor3_2,Xor3
xor4_2,Xor4
xor5_2,Xor5
xor64_2,Xor64
xor6_2,Xor6
xor7_2,Xor7
xor8_2,Xor8
mul16_2,Mul16
mul32_2,Mul32
mul64_2,Mul64
